Comment,Description,Designator,Footprint,LCSC Part #,LibRef,Quantity

"CL05A105KA5NQNC","C - CAPACITOR - MLCC - 1uF - 25V - 0402","C5v1, Cvcc, MT_C_HJ, MT_C_HK","C_0402","C52923","CL05A105KA5NQNC","4"
"CL05A106MQ5NUNC","C - CAPACITOR - MLCC - 10uF - 6.3V - 0402","C5v2, C_vdd_ts_a?, MT_C_HB, MT_C_HG","C_0402","C15525","CL05A106MQ5NUNC","4"
"1206B102K202NT","C - CAPACITOR - MLCC - 1nF - 2000V - 1206 - X7R","C18, C19","C_1206","C9196","1206B102K202NT","2"
"CL05B104KO5NNNC","C - CAPACITOR - MLCC - 100nF - 16V - 0402","C49, C50, C51, C52, C?, Cvdd","C_0402","C1525","CL05B104KO5NNNC","6"
"CL10B474KA8NNNC","C - CAPACITOR - MLCC - 470nF - 25V - 0603","Cboot1, Cboot2","C_0603","C1623","CL10B474KA8NNNC","2"
"0402B102K500NT","C - CAPACITOR - MLCC - 1nF - 50V - 0402","Ciin, Ciout, Csu1, Csu2","C_0402","C1523","0402B102K500NT","4"
"SS210","D - DIODE - SCHOTTKY - 100V - 2A","D1_a, D1_b, D1_c, D1_d, D1_e, D1_f, D2_a, D2_b, D2_c, D2_d, D2_e, D2_f, D3_a, D3_b, D3_c, D3_d, D3_e, D3_f, D4_a, D4_b, D4_c, D4_d, D4_e, D4_f, D14, D15, Dbg1, Dbg2, Dtg1, Dtg2","DO-214AC","C14996","SS210","30"
"N4148WS","D - DIODE - FAST TRR - 100V - 150mA - 4ns","D3, D4, D5, D6, D_1A, D_1B","SOD-323","C2128","N4148WS","6"
"ZMM5V6-M","D - DIODE - ZENER - 5.6V - 500mW","D_1A_G, D_1B_G, D_CLAMP_1, D_CLAMP_2, D_CLAMP_3, D_CLAMP_4, D_CLAMP_5, D_CLAMP_6, D_CLAMP_7, D_CLAMP_8, D_CLAMP_9, D_CLAMP_10, D_CLAMP_11, D_CLAMP_12, D_CLAMP_13, D_CLAMP_14, D_CLAMP_15, D_CLAMP_16, D_CLAMP_17, D_CLAMP_18","DO-213AA","C8062","ZMM5V6-M","20"
"1N5819WS","D - DIODE - SCHOTTKY - 40V - 1A","Dsu1, Dsu2","SOD-323","C191023","1N5819WS","2"
"2-406549-1","J - JACK - ETHERNET - Right - THT","J1, J2","TE_2-406549-1","C125068","2-406549-1","2"
"SWRB1207S-221MT","L - INDUCTOR - 220uH - 1.6A - 12.5mm","L1, L2, L3, L4, L5, L6, L7, L8, L9, L10, L11, L12","SRR1260","C169380","SWRB1207S-221MT","12"
"1206B105K101NT","C - CAPACITOR - MLCC - 1uF - 100V - 1206 - X7R","MT_C_AA, MT_C_AB, MT_C_AC, MT_C_AD, MT_C_AE, MT_C_AF, MT_C_AG, MT_C_AH, MT_C_AI, MT_C_AJ, MT_C_AK, MT_C_AL, MT_C_AM, MT_C_AN, MT_C_BA, MT_C_BB, MT_C_BC, MT_C_BD, MT_C_BE, MT_C_BF, MT_C_BG, MT_C_BH, MT_C_BI, MT_C_BJ, MT_C_BK, MT_C_BL, MT_C_CA, MT_C_CB, MT_C_CC, MT_C_CD, MT_C_CE, MT_C_CF, MT_C_CG, MT_C_CH, MT_C_CI, MT_C_CJ, MT_C_CK, MT_C_CL, MT_C_CM, MT_C_CN, MT_C_DA, MT_C_DB, MT_C_DC, MT_C_DD, MT_C_DE, MT_C_DF, MT_C_DG, MT_C_DH, MT_C_DI, MT_C_DJ, MT_C_DK, MT_C_DL, MT_C_EA, MT_C_EB, MT_C_EC, MT_C_ED, MT_C_EE, MT_C_EF, MT_C_EG, MT_C_EH, MT_C_EI, MT_C_EJ, MT_C_EK, MT_C_EL, MT_C_FA, MT_C_FB, MT_C_FC, MT_C_FD, MT_C_FE, MT_C_FF, MT_C_FG, MT_C_FH, MT_C_FI, MT_C_FJ, MT_C_FK, MT_C_FL","C_1206","C91151","1206B105K101NT","76"
"CL05B103KB5NNNC","C - CAPACITOR - MLCC - 10nF - 50V - 0402","MT_C_HA, MT_C_HC, MT_C_HI, MT_C_HL","C_0402","C15195","CL05B103KB5NNNC","4"
"0402WGF1002TCE","R - RESISTOR - SMD - 10k - 1% - 0402","MT_C_HD, MT_C_HE, MT_C_HF, MT_R_TA, MT_R_TB, MT_R_TC, MT_R_TD, MT_R_TE, MT_R_TF, MT_R_TG, MT_R_TH, MT_R_TI, MT_R_TJ, MT_R_TK, R26, Rbg1s, Rbg2s, Rovs, Rscl, Rsda, Rtg1s, Rtg2s","R_0402","C25744","0402WGF1002TCE","22"
"SDFL1608S100KTF","L - INDUCTOR - 10uH - 0603","MT_L_TA","L_0603","C1035","SDFL1608S100KTF","1"
"0","R - Net Tie","MT_NT_A","NET_TIE","","NET_TIE","1"
"0402WGF0000TCE","R - RESISTOR - SMD - 0R - 1% - 0402","MT_R_FT, MT_R_FV, R29, R30, R31, R160, R_LEDA_O, R_LEDB_O, Ragnd","R_0402","C17168","0402WGF0000TCE","9"
"0402WGF5101TCE","R - RESISTOR - SMD - 5.1k - 1% - 0402","MT_R_TW, MT_R_TX, MT_R_TY, MT_R_TZ","R_0402","C25905","0402WGF5101TCE","4"
"NCP15XH103F03RC","RT - NTC THERMISTOR - 10k - 1% - 0402","MT_RT_TA, MT_RT_TB, MT_RT_TC, MT_RT_TD, MT_RT_TE, MT_RT_TF, MT_RT_TG, MT_RT_TH, MT_RT_TI, MT_RT_TJ, MT_RT_TK","R_0402","C77131","NCP15XH103F03RC","11"
"SM72295MAX","Photovoltaic Full Bridge Driver","MT_U_B","M28B_M","","SM72295","1"
"SM72442MTE/NOPB","Programmable Maximum Power Point Tracking Controller for Photovoltaic Solar Panels","MT_U_H","MTC28_L","","SM72442","1"
"74HC4067PW,118","U - IC -16 Port Analog MUX","MT_U_T","TSSOP-24-P0.65MM-W4.4MM","C179326","74HC4067PW,118","1"
"2N7002","Q - TRANSISTOR - MOSFET (N) - 60V - 200mW","Q_LEDA, Q_LEDB, Q_LEDVSS, Qscl, Qsda","TO-236AB","C8545","2N7002","5"
"CRSS042N10N","Q - TRANSISTOR - MOSFET (N) - 100V - 120A - 0.005R","Qbg1, Qbg2, Qtg1, Qtg2","TO-263-3","C410926","CRSS042N10N","4"
"MMBT3904","Q - TRANSISTOR - BJT - NPN - 40V 200mA","Qsu","TO-236AB","C20526","MMBT3904","1"
"1m","R - RESISTOR - SMD - 0.005R - 1% - 2512 - 2W","R1, R10","R_2512","C371096","FMF25FPJR005-LH","2"
"0402WGF470JTCE","R - RESISTOR - SMD - 47R - 1% - 0402","R21","R_0402","C25118","0402WGF470JTCE","1"
"0402WGF3302TCE","R - RESISTOR - SMD - 33k - 1% - 0402","R28","R_0402","C25779","0402WGF3302TCE","1"
"0402WGF4701TCE","R - RESISTOR - SMD - 4.7k - 1% - 0402","R38","R_0402","C25900","0402WGF4701TCE","1"
"0402WGF1004TCE","R - RESISTOR - SMD - 1M - 1% - 0402","R39, R40, R41","R_0402","C26083","0402WGF1004TCE","3"
"0402WGF1000TCE","R - RESISTOR - SMD - 100R - 1% - 0402","R100, R101, R102, R103","R_0402","C25076","0402WGF1000TCE","4"
"1206W4F100JT5E","R - RESISTOR - SMD - 10R - 1% - 1206","R110, R140","R_1206","C17903","1206W4F100JT5E","2"
"0402WGF4702TCE","R - RESISTOR - SMD - 47k - 1% - 0402","R_1A_a, R_1A_b, R_1B_a, R_1B_b","R_0402","C25792","0402WGF4702TCE","4"
"0402WGF1003TCE","R - RESISTOR - SMD - 100k - 1% -  0402","R_1A_c, R_1B_c, Rsu1","R_0402","C25741","0402WGF1003TCE","3"
"0402WGF100JTCE","R - RESISTOR - SMD - 10R - 1% - 0402","Rbg1a, Rbg1b, Rbg2a, Rbg2b, Rbin, Rbout, Rtg1a, Rtg1b, Rtg2a, Rtg2b","R_0402","C25077","0402WGF100JTCE","10"
"0402WGF5602TCE","R - RESISTOR - SMD - 56k - 1% - 0402","Riin, Riout, Rnc4, Rpm","R_0402","C25796","0402WGF5602TCE","4"
"0603WAF6800T5E","R - RESISTOR - SMD - 680R - 1% - 0603","Riinsns1, Riinsns2, Rioutsns1, Rioutsns2","R_0603","C23228","0603WAF6800T5E","4"
"0603WAF2703T5E","R - RESISTOR - SMD - 270k - 1% - 0603","Rsu2, Rsu3","R_0603","C22965","0603WAF2703T5E","2"
"0402WGF3303TCE","R - RESISTOR - SMD - 330k - 1% - 0402","Rsu4","R_0402","C25778","0402WGF3303TCE","1"
"0402WGF1001TCE","R - RESISTOR - SMD - 1k - 1% - 0402","Rsu5","R_0402","C11702","0402WGF1001TCE","1"
"0603WAF1002T5E","R - RESISTOR - SMD - 10k - 1% - 0603","Rvinb, Rvoutb","R_0603","C25804","0603WAF1002T5E","2"
"0603WAF1003T5E","R - RESISTOR - SMD - 100k - 1% -  0603","Rvint, Rvoutt","R_0603","C22936","0603WAF100KT5E","2"
"78L05G-AB3-R","U - IC - 5V Power Regulator","U5V2","SOT-223-3","C71136","78L05G-AB3-R","1"
